<ti:app xmlns:ti="http://ti.appcelerator.org">

<id>com.nathanburba.jsonworldbuilder</id>
<name>JSONWorldBuilder</name>
<version>1.0</version>
<publisher>Nathan Burba</publisher>
<url>http://nathanburba.com</url>
<icon>default_app_logo.png</icon>
<copyright>2011 by Nathan Burba</copyright>

<window>
<id>initial</id>
<title>JSONWorldBuilder</title>
<url>app://index.html</url>
<x>50</x>
<y>25</y>
<width>1200</width>
<max-width>3000</max-width>
<min-width>0</min-width>
<height>840</height>
<max-height>3000</max-height>
<min-height>0</min-height>
<fullscreen>false</fullscreen>
<resizable>true</resizable>
<chrome scrollbars="true">true</chrome>
<maximizable>true</maximizable>
<minimizable>true</minimizable>
<closeable>true</closeable>
</window>
</ti:app>